Assets/_Project/Sprites/Generated/LayeredSheets/UIFrames.png	SquareFrame	49	692	339	341	81	81	81	81	100	1024	multiple
Assets/_Project/Sprites/Generated/LayeredSheets/UIFrames.png	CardFrame	495	658	257	420	62	62	62	62	100	1024	multiple
Assets/_Project/Sprites/Generated/LayeredSheets/UIFrames.png	ButtonFrame	842	769	389	186	45	45	45	45	100	1024	multiple
Assets/_Project/Sprites/Generated/LayeredSheets/UIFrames.png	PanelFrame	18	200	391	260	62	62	62	62	100	1024	multiple
Assets/_Project/Sprites/Generated/LayeredSheets/UIFrames.png	GaugeFrame	438	280	386	91	22	22	22	22	100	1024	multiple
Assets/_Project/Sprites/Generated/LayeredSheets/UIFrames.png	RoundedButtonFrame	852	220	380	215	52	52	52	52	100	1024	multiple
Assets/_Project/Sprites/Generated/LayeredSheets/UIFills.png	LightGrayFill	51	947	261	261	21	21	21	21	100	1024	multiple
Assets/_Project/Sprites/Generated/LayeredSheets/UIFills.png	GrayFill	349	947	262	261	21	21	21	21	100	1024	multiple
Assets/_Project/Sprites/Generated/LayeredSheets/UIFills.png	SkyBlueFill	645	947	262	261	21	21	21	21	100	1024	multiple
Assets/_Project/Sprites/Generated/LayeredSheets/UIFills.png	BlueFill	946	947	261	261	21	21	21	21	100	1024	multiple
Assets/_Project/Sprites/Generated/LayeredSheets/UIFills.png	CyanFill	51	654	261	261	21	21	21	21	100	1024	multiple
Assets/_Project/Sprites/Generated/LayeredSheets/UIFills.png	PinkFill	350	654	261	262	21	21	21	21	100	1024	multiple
Assets/_Project/Sprites/Generated/LayeredSheets/UIFills.png	PurpleFill	646	654	261	262	21	21	21	21	100	1024	multiple
Assets/_Project/Sprites/Generated/LayeredSheets/UIFills.png	GoldFill	946	654	261	262	21	21	21	21	100	1024	multiple
Assets/_Project/Sprites/Generated/LayeredSheets/UIFills.png	OrangeFill	51	314	261	305	21	21	21	21	100	1024	multiple
Assets/_Project/Sprites/Generated/LayeredSheets/UIFills.png	WhiteFill	350	314	261	306	21	21	21	21	100	1024	multiple
Assets/_Project/Sprites/Generated/LayeredSheets/UIFills.png	NavyFill	646	314	261	305	21	21	21	21	100	1024	multiple
Assets/_Project/Sprites/Generated/LayeredSheets/UIFills.png	TealFill	946	314	261	305	21	21	21	21	100	1024	multiple
Assets/_Project/Sprites/Generated/LayeredSheets/UIFills.png	GreenFill	51	63	261	251	20	20	20	20	100	1024	multiple
Assets/_Project/Sprites/Generated/LayeredSheets/UIFills.png	RedFill	349	63	262	251	20	20	20	20	100	1024	multiple
Assets/_Project/Sprites/Generated/LayeredSheets/UIFills.png	BrownFill	645	63	262	251	20	20	20	20	100	1024	multiple
Assets/_Project/Sprites/Generated/LayeredSheets/UIFills.png	DarkGrayFill	946	63	261	251	20	20	20	20	100	1024	multiple
Assets/_Project/Sprites/Generated/LayeredSheets/UIMenuGlyphs.png	BookGlyph	36	836	272	218	0	0	0	0	100	1024	multiple
Assets/_Project/Sprites/Generated/LayeredSheets/UIMenuGlyphs.png	CharacterGlyph	353	836	273	215	0	0	0	0	100	1024	multiple
Assets/_Project/Sprites/Generated/LayeredSheets/UIMenuGlyphs.png	RankGlyph	634	836	306	210	0	0	0	0	100	1024	multiple
Assets/_Project/Sprites/Generated/LayeredSheets/UIMenuGlyphs.png	MailGlyph	970	837	254	196	0	0	0	0	100	1024	multiple
Assets/_Project/Sprites/Generated/LayeredSheets/UIMenuGlyphs.png	DocumentGlyph	47	469	253	367	0	0	0	0	100	1024	multiple
Assets/_Project/Sprites/Generated/LayeredSheets/UIMenuGlyphs.png	TicketGlyph	341	478	286	358	0	0	0	0	100	1024	multiple
Assets/_Project/Sprites/Generated/LayeredSheets/UIMenuGlyphs.png	CloverGlyph	659	468	258	368	0	0	0	0	100	1024	multiple
Assets/_Project/Sprites/Generated/LayeredSheets/UIMenuGlyphs.png	HomeGlyph	964	472	256	255	0	0	0	0	100	1024	multiple
Assets/_Project/Sprites/Generated/LayeredSheets/UIMenuGlyphs.png	DaggerGlyph	36	129	263	280	0	0	0	0	100	1024	multiple
Assets/_Project/Sprites/Generated/LayeredSheets/UIMenuGlyphs.png	ButterflyGlyph	336	140	291	254	0	0	0	0	100	1024	multiple
Assets/_Project/Sprites/Generated/LayeredSheets/UIMenuGlyphs.png	MapGlyph	647	132	293	242	0	0	0	0	100	1024	multiple
Assets/_Project/Sprites/Generated/LayeredSheets/UIMenuGlyphs.png	SealGlyph	940	136	281	268	0	0	0	0	100	1024	multiple
Assets/_Project/Sprites/Generated/LayeredSheets/UIControlGlyphs.png	ChevronLeftBlack	95	741	182	260	0	0	0	0	100	1024	multiple
Assets/_Project/Sprites/Generated/LayeredSheets/UIControlGlyphs.png	ChevronRightBlack	479	741	183	261	0	0	0	0	100	1024	multiple
Assets/_Project/Sprites/Generated/LayeredSheets/UIControlGlyphs.png	ChevronLeftWhite	794	741	172	257	0	0	0	0	100	1024	multiple
Assets/_Project/Sprites/Generated/LayeredSheets/UIControlGlyphs.png	ChevronRightWhite	1181	741	176	259	0	0	0	0	100	1024	multiple
Assets/_Project/Sprites/Generated/LayeredSheets/UIControlGlyphs.png	BackWhite	56	401	288	238	0	0	0	0	100	1024	multiple
Assets/_Project/Sprites/Generated/LayeredSheets/UIControlGlyphs.png	CloseWhite	434	408	242	239	0	0	0	0	100	1024	multiple
Assets/_Project/Sprites/Generated/LayeredSheets/UIControlGlyphs.png	PauseWhite	813	417	186	221	0	0	0	0	100	1024	multiple
Assets/_Project/Sprites/Generated/LayeredSheets/UIControlGlyphs.png	SpeedOneWhite	1123	411	268	245	0	0	0	0	100	1024	multiple
Assets/_Project/Sprites/Generated/LayeredSheets/UIControlGlyphs.png	SpeedTwoWhite	55	79	288	228	0	0	0	0	100	1024	multiple
Assets/_Project/Sprites/Generated/LayeredSheets/UIControlGlyphs.png	VideoWhite	411	81	289	227	0	0	0	0	100	1024	multiple
Assets/_Project/Sprites/Generated/LayeredSheets/UIControlGlyphs.png	SearchGlyph	766	57	281	271	0	0	0	0	100	1024	multiple
Assets/_Project/Sprites/Generated/LayeredSheets/UIControlGlyphs.png	DisableCross	1137	73	255	248	0	0	0	0	100	1024	multiple
Assets/_Project/Sprites/Generated/LayeredSheets/UICircleLayers.png	GrayDisk	29	632	369	368	0	0	0	0	100	1024	multiple
Assets/_Project/Sprites/Generated/LayeredSheets/UICircleLayers.png	BlueDisk	442	632	370	368	0	0	0	0	100	1024	multiple
Assets/_Project/Sprites/Generated/LayeredSheets/UICircleLayers.png	DarkDisk	859	632	368	368	0	0	0	0	100	1024	multiple
Assets/_Project/Sprites/Generated/LayeredSheets/UICircleLayers.png	CircleOutline	28	166	374	374	0	0	0	0	100	1024	multiple
Assets/_Project/Sprites/Generated/LayeredSheets/UICircleLayers.png	GoldenCircleOutline	440	167	376	373	0	0	0	0	100	1024	multiple
Assets/_Project/Sprites/Generated/LayeredSheets/UICircleLayers.png	GreenNode	972	278	146	146	0	0	0	0	100	1024	multiple
Assets/_Project/Sprites/Generated/LayeredSheets/WallStates.png	WallIntact	43	818	1169	150	35	32	32	0	265.6818181818182	1024	multiple
Assets/_Project/Sprites/Generated/LayeredSheets/WallStates.png	WallDamaged	43	511	1169	150	35	32	32	0	265.6818181818182	1024	multiple
Assets/_Project/Sprites/Generated/LayeredSheets/WallStates.png	WallRubble	43	206	1169	150	35	32	32	0	265.6818181818182	1024	multiple
Assets/_Project/Sprites/Generated/LayeredSheets/UIStrokes.png	TealStroke	34	888	366	193	15	15	15	15	100	1024	multiple
Assets/_Project/Sprites/Generated/LayeredSheets/UIStrokes.png	PurpleStroke	445	891	365	188	15	15	15	15	100	1024	multiple
Assets/_Project/Sprites/Generated/LayeredSheets/UIStrokes.png	LightBlueStroke	853	887	368	194	16	16	16	16	100	1024	multiple
Assets/_Project/Sprites/Generated/LayeredSheets/UIStrokes.png	BlueStroke	31	540	370	189	15	15	15	15	100	1024	multiple
Assets/_Project/Sprites/Generated/LayeredSheets/UIStrokes.png	PinkStroke	446	541	362	184	15	15	15	15	100	1024	multiple
Assets/_Project/Sprites/Generated/LayeredSheets/UIStrokes.png	RedStroke	856	539	368	186	15	15	15	15	100	1024	multiple
Assets/_Project/Sprites/Generated/LayeredSheets/UIStrokes.png	OrangeStroke	27	185	372	192	15	15	15	15	100	1024	multiple
Assets/_Project/Sprites/Generated/LayeredSheets/UIStrokes.png	GrayStroke	448	188	361	185	15	15	15	15	100	1024	multiple
Assets/_Project/Sprites/Generated/LayeredSheets/UIStrokes.png	BrownStroke	854	185	374	193	15	15	15	15	100	1024	multiple
Assets/_Project/Sprites/Generated/LayeredSheets/UIExtraGlyphs.png	MenuGlyph	152	708	404	311	0	0	0	0	100	1024	multiple
Assets/_Project/Sprites/Generated/LayeredSheets/UIExtraGlyphs.png	PlayerDummyGlyph	702	644	420	496	0	0	0	0	100	1024	multiple
Assets/_Project/Sprites/Generated/LayeredSheets/UIExtraGlyphs.png	GreenLine	120	290	448	65	0	0	0	0	100	1024	multiple
Assets/_Project/Sprites/Generated/LayeredSheets/UIExtraGlyphs.png	CyanDash	704	265	453	110	0	0	0	0	100	1024	multiple
Assets/_Project/Sprites/Generated/LayeredSheets/LobbySky.png	LobbySky	0	0	1672	940	0	0	0	0	100	2048	single
Assets/_Project/Sprites/Generated/LayeredSheets/LobbyGrass.png	LobbyGrass	0	0	1672	941	0	0	0	0	100	2048	single
Assets/_Project/Sprites/Generated/LayeredSheets/ResultSpotlight.png	ResultSpotlight	0	0	1672	941	0	0	0	0	100	1024	single
