2-Sheet	2-Sheet_0	29.0	36.0	Items/Heart					Assets/_Project/Prefabs/UI/LayeredAssets/2-Sheet/2-Sheet_0.prefab
2-Sheet	2-Sheet_1	99.0	45.0	WhiteFill					Assets/_Project/Prefabs/UI/LayeredAssets/2-Sheet/2-Sheet_1.prefab
2-Sheet	2-Sheet_2	40.0	32.0	Items/Gem					Assets/_Project/Prefabs/UI/LayeredAssets/2-Sheet/2-Sheet_2.prefab
2-Sheet	2-Sheet_3	84.0	45.0	WhiteFill					Assets/_Project/Prefabs/UI/LayeredAssets/2-Sheet/2-Sheet_3.prefab
2-Sheet	wall_0	440.0	54.0	WallIntact				world	Assets/_Project/Prefabs/UI/LayeredAssets/2-Sheet/wall_0.prefab
2-Sheet	gauge_0	424.0	53.0	WhiteFill	GaugeFrame				Assets/_Project/Prefabs/UI/LayeredAssets/2-Sheet/gauge_0.prefab
2-Sheet	2-Sheet_6	32.0	33.0	Items/Coin					Assets/_Project/Prefabs/UI/LayeredAssets/2-Sheet/2-Sheet_6.prefab
2-Sheet	2-Sheet_7	84.0	45.0	WhiteFill					Assets/_Project/Prefabs/UI/LayeredAssets/2-Sheet/2-Sheet_7.prefab
2-Sheet	2-Sheet_8	55.0	55.0	GrayFill	SquareFrame	BookGlyph			Assets/_Project/Prefabs/UI/LayeredAssets/2-Sheet/2-Sheet_8.prefab
2-Sheet	2-Sheet_9	55.0	55.0	GrayFill	SquareFrame	CharacterGlyph			Assets/_Project/Prefabs/UI/LayeredAssets/2-Sheet/2-Sheet_9.prefab
2-Sheet	gauge_1	412.0	38.0	SkyBlueFill					Assets/_Project/Prefabs/UI/LayeredAssets/2-Sheet/gauge_1.prefab
2-Sheet	2-Sheet_11	57.0	43.0	DarkGrayFill	SquareFrame	CharacterGlyph			Assets/_Project/Prefabs/UI/LayeredAssets/2-Sheet/2-Sheet_11.prefab
2-Sheet	2-Sheet_12	47.0	45.0	GrayFill	SquareFrame	MenuGlyph			Assets/_Project/Prefabs/UI/LayeredAssets/2-Sheet/2-Sheet_12.prefab
2-Sheet	2-Sheet_13	55.0	55.0	GrayFill	SquareFrame	RankGlyph			Assets/_Project/Prefabs/UI/LayeredAssets/2-Sheet/2-Sheet_13.prefab
2-Sheet	2-Sheet_14	55.0	55.0	GrayFill	SquareFrame	MailGlyph			Assets/_Project/Prefabs/UI/LayeredAssets/2-Sheet/2-Sheet_14.prefab
2-Sheet	gauge_2	412.0	38.0	OrangeFill					Assets/_Project/Prefabs/UI/LayeredAssets/2-Sheet/gauge_2.prefab
2-Sheet	weapon_0	83.0	88.0	GrayDisk	CircleOutline	Skills/Lightning			Assets/_Project/Prefabs/UI/LayeredAssets/2-Sheet/weapon_0.prefab
2-Sheet	weapon_1	83.0	88.0	GrayDisk	CircleOutline	Skills/Fireball			Assets/_Project/Prefabs/UI/LayeredAssets/2-Sheet/weapon_1.prefab
2-Sheet	weapon_2	83.0	88.0	GrayDisk	CircleOutline	Skills/Arrow			Assets/_Project/Prefabs/UI/LayeredAssets/2-Sheet/weapon_2.prefab
2-Sheet	weapon_3	83.0	88.0	BlueDisk	CircleOutline	Skills/Lightning			Assets/_Project/Prefabs/UI/LayeredAssets/2-Sheet/weapon_3.prefab
2-Sheet	weapon_4	83.0	88.0	BlueDisk	CircleOutline	Skills/Fireball			Assets/_Project/Prefabs/UI/LayeredAssets/2-Sheet/weapon_4.prefab
2-Sheet	weapon_5	83.0	88.0	BlueDisk	CircleOutline	Skills/Arrow			Assets/_Project/Prefabs/UI/LayeredAssets/2-Sheet/weapon_5.prefab
2-Sheet	2-Sheet_22	134.0	75.0	WhiteFill	PanelFrame	MapGlyph			Assets/_Project/Prefabs/UI/LayeredAssets/2-Sheet/2-Sheet_22.prefab
2-Sheet	wall_1	440.0	54.0	WallDamaged				world	Assets/_Project/Prefabs/UI/LayeredAssets/2-Sheet/wall_1.prefab
2-Sheet	2-Sheet_24	81.0	70.0	GrayFill	SquareFrame	TicketGlyph	DisableCross		Assets/_Project/Prefabs/UI/LayeredAssets/2-Sheet/2-Sheet_24.prefab
2-Sheet	2-Sheet_25	81.0	70.0	GrayFill	SquareFrame	CloverGlyph	DisableCross		Assets/_Project/Prefabs/UI/LayeredAssets/2-Sheet/2-Sheet_25.prefab
2-Sheet	2-Sheet_26	55.0	55.0	GrayFill	SquareFrame	DocumentGlyph			Assets/_Project/Prefabs/UI/LayeredAssets/2-Sheet/2-Sheet_26.prefab
2-Sheet	card_0	116.0	195.0	LightGrayFill	CardFrame				Assets/_Project/Prefabs/UI/LayeredAssets/2-Sheet/card_0.prefab
2-Sheet	2-Sheet_28	116.0	195.0	LightGrayFill	CardFrame				Assets/_Project/Prefabs/UI/LayeredAssets/2-Sheet/2-Sheet_28.prefab
2-Sheet	2-Sheet_29	116.0	195.0	LightGrayFill	CardFrame				Assets/_Project/Prefabs/UI/LayeredAssets/2-Sheet/2-Sheet_29.prefab
2-Sheet	card_1	116.0	195.0	SkyBlueFill	CardFrame				Assets/_Project/Prefabs/UI/LayeredAssets/2-Sheet/card_1.prefab
2-Sheet	2-Sheet_31	116.0	195.0	SkyBlueFill	CardFrame				Assets/_Project/Prefabs/UI/LayeredAssets/2-Sheet/2-Sheet_31.prefab
2-Sheet	2-Sheet_32	116.0	195.0	SkyBlueFill	CardFrame				Assets/_Project/Prefabs/UI/LayeredAssets/2-Sheet/2-Sheet_32.prefab
2-Sheet	wall_2	440.0	54.0	WallRubble				world	Assets/_Project/Prefabs/UI/LayeredAssets/2-Sheet/wall_2.prefab
2-Sheet	2-Sheet_45	81.0	70.0	WhiteFill	SquareFrame	TicketGlyph			Assets/_Project/Prefabs/UI/LayeredAssets/2-Sheet/2-Sheet_45.prefab
2-Sheet	2-Sheet_46	81.0	70.0	WhiteFill	SquareFrame	CloverGlyph			Assets/_Project/Prefabs/UI/LayeredAssets/2-Sheet/2-Sheet_46.prefab
2-Sheet	2-Sheet_47	81.0	70.0	WhiteFill	SquareFrame	CharacterGlyph	DisableCross		Assets/_Project/Prefabs/UI/LayeredAssets/2-Sheet/2-Sheet_47.prefab
2-Sheet	2-Sheet_48	81.0	70.0	WhiteFill	SquareFrame	DaggerGlyph	DisableCross		Assets/_Project/Prefabs/UI/LayeredAssets/2-Sheet/2-Sheet_48.prefab
2-Sheet	2-Sheet_49	81.0	70.0	GrayFill	SquareFrame	DaggerGlyph			Assets/_Project/Prefabs/UI/LayeredAssets/2-Sheet/2-Sheet_49.prefab
2-Sheet	skillIcon_2	19.0	22.0	Skills/Fireball					Assets/_Project/Prefabs/UI/LayeredAssets/2-Sheet/skillIcon_2.prefab
2-Sheet	skillIcon_3	18.0	23.0	Skills/Lightning					Assets/_Project/Prefabs/UI/LayeredAssets/2-Sheet/skillIcon_3.prefab
2-Sheet	skillIcon_1	23.0	19.0	Skills/Arrow					Assets/_Project/Prefabs/UI/LayeredAssets/2-Sheet/skillIcon_1.prefab
2-Sheet	skill_0	33.0	36.0	GrayDisk	CircleOutline				Assets/_Project/Prefabs/UI/LayeredAssets/2-Sheet/skill_0.prefab
2-Sheet	2-Sheet_54	81.0	70.0	WhiteFill	SquareFrame	CharacterGlyph			Assets/_Project/Prefabs/UI/LayeredAssets/2-Sheet/2-Sheet_54.prefab
2-Sheet	2-Sheet_55	81.0	70.0	WhiteFill	SquareFrame	DaggerGlyph			Assets/_Project/Prefabs/UI/LayeredAssets/2-Sheet/2-Sheet_55.prefab
2-Sheet	skill_1	33.0	36.0	GrayDisk	CircleOutline				Assets/_Project/Prefabs/UI/LayeredAssets/2-Sheet/skill_1.prefab
2-Sheet	2-Sheet_57	33.0	36.0	GrayDisk	CircleOutline				Assets/_Project/Prefabs/UI/LayeredAssets/2-Sheet/2-Sheet_57.prefab
2-Sheet	2-Sheet_58	33.0	36.0	GrayDisk	CircleOutline				Assets/_Project/Prefabs/UI/LayeredAssets/2-Sheet/2-Sheet_58.prefab
2-Sheet	2-Sheet_59	81.0	70.0	WhiteFill	SquareFrame	HomeGlyph			Assets/_Project/Prefabs/UI/LayeredAssets/2-Sheet/2-Sheet_59.prefab
2-Sheet	2-Sheet_60	145.0	70.0	GoldFill	RoundedButtonFrame				Assets/_Project/Prefabs/UI/LayeredAssets/2-Sheet/2-Sheet_60.prefab
2-Sheet	2-Sheet_61	81.0	70.0	GrayFill	SquareFrame	HomeGlyph			Assets/_Project/Prefabs/UI/LayeredAssets/2-Sheet/2-Sheet_61.prefab
2-Sheet	2-Sheet_62	81.0	70.0	GrayFill	SquareFrame	CharacterGlyph			Assets/_Project/Prefabs/UI/LayeredAssets/2-Sheet/2-Sheet_62.prefab
3-Sheet	bg_0	362.0	780.0	LobbySky			LobbyGrass	lawn	Assets/_Project/Prefabs/UI/LayeredAssets/3-Sheet/bg_0.prefab
3-Sheet	3-Sheet_1	30.0	53.0	BlueFill	ButtonFrame	ChevronLeftBlack			Assets/_Project/Prefabs/UI/LayeredAssets/3-Sheet/3-Sheet_1.prefab
3-Sheet	3-Sheet_2	30.0	53.0	BlueFill	ButtonFrame	ChevronRightBlack			Assets/_Project/Prefabs/UI/LayeredAssets/3-Sheet/3-Sheet_2.prefab
3-Sheet	3-Sheet_3	30.0	53.0	BlueFill	ButtonFrame	ChevronLeftWhite			Assets/_Project/Prefabs/UI/LayeredAssets/3-Sheet/3-Sheet_3.prefab
3-Sheet	3-Sheet_4	30.0	53.0	BlueFill	ButtonFrame	ChevronRightWhite			Assets/_Project/Prefabs/UI/LayeredAssets/3-Sheet/3-Sheet_4.prefab
3-Sheet	3-Sheet_5	120.0	38.0	GrayFill	ButtonFrame				Assets/_Project/Prefabs/UI/LayeredAssets/3-Sheet/3-Sheet_5.prefab
3-Sheet	3-Sheet_6	166.0	50.0	OrangeStroke					Assets/_Project/Prefabs/UI/LayeredAssets/3-Sheet/3-Sheet_6.prefab
3-Sheet	3-Sheet_7	26.0	25.0	Skills/Fireball					Assets/_Project/Prefabs/UI/LayeredAssets/3-Sheet/3-Sheet_7.prefab
3-Sheet	3-Sheet_8	120.0	38.0	LightGrayFill	ButtonFrame				Assets/_Project/Prefabs/UI/LayeredAssets/3-Sheet/3-Sheet_8.prefab
3-Sheet	3-Sheet_9	33.0	29.0	SearchGlyph					Assets/_Project/Prefabs/UI/LayeredAssets/3-Sheet/3-Sheet_9.prefab
3-Sheet	3-Sheet_10	120.0	38.0	GoldFill	ButtonFrame				Assets/_Project/Prefabs/UI/LayeredAssets/3-Sheet/3-Sheet_10.prefab
3-Sheet	bg_2	87.0	84.0	ButterflyGlyph					Assets/_Project/Prefabs/UI/LayeredAssets/3-Sheet/bg_2.prefab
3-Sheet	3-Sheet_12	43.0	41.0	TealFill	SquareFrame	BackWhite			Assets/_Project/Prefabs/UI/LayeredAssets/3-Sheet/3-Sheet_12.prefab
3-Sheet	3-Sheet_13	146.0	28.0	TealFill	ButtonFrame				Assets/_Project/Prefabs/UI/LayeredAssets/3-Sheet/3-Sheet_13.prefab
3-Sheet	3-Sheet_15	54.0	48.0	Items/ChestOpen					Assets/_Project/Prefabs/UI/LayeredAssets/3-Sheet/3-Sheet_15.prefab
3-Sheet	3-Sheet_19	54.0	48.0	Items/ChestClosed					Assets/_Project/Prefabs/UI/LayeredAssets/3-Sheet/3-Sheet_19.prefab
3-Sheet	3-Sheet_20	44.0	40.0	Items/ChestClosed					Assets/_Project/Prefabs/UI/LayeredAssets/3-Sheet/3-Sheet_20.prefab
3-Sheet	bg_1	287.0	340.0	PlayerDummyGlyph					Assets/_Project/Prefabs/UI/LayeredAssets/3-Sheet/bg_1.prefab
3-Sheet	3-Sheet_22	294.0	186.0	NavyFill					Assets/_Project/Prefabs/UI/LayeredAssets/3-Sheet/3-Sheet_22.prefab
3-Sheet	3-Sheet_23	213.0	11.0	GrayStroke					Assets/_Project/Prefabs/UI/LayeredAssets/3-Sheet/3-Sheet_23.prefab
3-Sheet	3-Sheet_24	19.0	26.0	GreenNode					Assets/_Project/Prefabs/UI/LayeredAssets/3-Sheet/3-Sheet_24.prefab
3-Sheet	3-Sheet_25	19.0	26.0	GreenNode					Assets/_Project/Prefabs/UI/LayeredAssets/3-Sheet/3-Sheet_25.prefab
3-Sheet	3-Sheet_26	19.0	26.0	GreenNode					Assets/_Project/Prefabs/UI/LayeredAssets/3-Sheet/3-Sheet_26.prefab
3-Sheet	3-Sheet_27	182.0	11.0	GreenLine					Assets/_Project/Prefabs/UI/LayeredAssets/3-Sheet/3-Sheet_27.prefab
3-Sheet	3-Sheet_28	194.0	26.0	GreenLine				nodes	Assets/_Project/Prefabs/UI/LayeredAssets/3-Sheet/3-Sheet_28.prefab
3-Sheet	3-Sheet_29	39.0	14.0	OrangeStroke					Assets/_Project/Prefabs/UI/LayeredAssets/3-Sheet/3-Sheet_29.prefab
3-Sheet	3-Sheet_30	63.0	67.0	DarkGrayFill	SquareFrame	CharacterGlyph			Assets/_Project/Prefabs/UI/LayeredAssets/3-Sheet/3-Sheet_30.prefab
3-Sheet	3-Sheet_31	18.0	18.0	Skills/Fireball					Assets/_Project/Prefabs/UI/LayeredAssets/3-Sheet/3-Sheet_31.prefab
3-Sheet	3-Sheet_32	82.0	20.0	CyanDash					Assets/_Project/Prefabs/UI/LayeredAssets/3-Sheet/3-Sheet_32.prefab
3-Sheet	3-Sheet_33	88.0	20.0	BrownStroke					Assets/_Project/Prefabs/UI/LayeredAssets/3-Sheet/3-Sheet_33.prefab
3-Sheet	3-Sheet_34	132.0	56.0	OrangeFill	ButtonFrame				Assets/_Project/Prefabs/UI/LayeredAssets/3-Sheet/3-Sheet_34.prefab
4-Sheet	4-sheet_0	129.0	40.0	TealStroke					Assets/_Project/Prefabs/UI/LayeredAssets/4-Sheet/4-sheet_0.prefab
4-Sheet	4-sheet_1	128.0	40.0	PurpleStroke					Assets/_Project/Prefabs/UI/LayeredAssets/4-Sheet/4-sheet_1.prefab
4-Sheet	4-sheet_2	53.0	53.0	GrayDisk		CloseWhite			Assets/_Project/Prefabs/UI/LayeredAssets/4-Sheet/4-sheet_2.prefab
4-Sheet	pause_0	38.0	37.0	OrangeFill	SquareFrame	PauseWhite			Assets/_Project/Prefabs/UI/LayeredAssets/4-Sheet/pause_0.prefab
4-Sheet	4-sheet_4	157.0	238.0	CyanFill	CardFrame				Assets/_Project/Prefabs/UI/LayeredAssets/4-Sheet/4-sheet_4.prefab
4-Sheet	4-sheet_5	157.0	238.0	PinkFill	CardFrame				Assets/_Project/Prefabs/UI/LayeredAssets/4-Sheet/4-sheet_5.prefab
4-Sheet	fast_0	39.0	40.0	DarkDisk	CircleOutline	SpeedOneWhite		speed	Assets/_Project/Prefabs/UI/LayeredAssets/4-Sheet/fast_0.prefab
4-Sheet	fast_1	39.0	40.0	DarkDisk	CircleOutline	SpeedTwoWhite		speed	Assets/_Project/Prefabs/UI/LayeredAssets/4-Sheet/fast_1.prefab
4-Sheet	4-sheet_8	86.0	87.0	Items/Heart					Assets/_Project/Prefabs/UI/LayeredAssets/4-Sheet/4-sheet_8.prefab
4-Sheet	4-sheet_9	112.0	90.0	Items/HeartBundle					Assets/_Project/Prefabs/UI/LayeredAssets/4-Sheet/4-sheet_9.prefab
4-Sheet	4-sheet_10	31.0	25.0	DarkGrayFill	SquareFrame	VideoWhite			Assets/_Project/Prefabs/UI/LayeredAssets/4-Sheet/4-sheet_10.prefab
4-Sheet	4-sheet_11	123.0	45.0	SkyBlueFill	ButtonFrame				Assets/_Project/Prefabs/UI/LayeredAssets/4-Sheet/4-sheet_11.prefab
4-Sheet	4-sheet_12	35.0	27.0	Items/Gem					Assets/_Project/Prefabs/UI/LayeredAssets/4-Sheet/4-sheet_12.prefab
4-Sheet	4-sheet_13	123.0	45.0	GoldFill	ButtonFrame				Assets/_Project/Prefabs/UI/LayeredAssets/4-Sheet/4-sheet_13.prefab
4-Sheet	4-sheet_14	342.0	290.0	GoldFill				energyWindow	Assets/_Project/Prefabs/UI/LayeredAssets/4-Sheet/4-sheet_14.prefab
5-Sheet	5-Sheet_0	273.0	102.0	LightBlueStroke					Assets/_Project/Prefabs/UI/LayeredAssets/5-Sheet/5-Sheet_0.prefab
5-Sheet	5-Sheet_1	362.0	780.0	GrayFill			ResultSpotlight	spotlight	Assets/_Project/Prefabs/UI/LayeredAssets/5-Sheet/5-Sheet_1.prefab
5-Sheet	5-Sheet_2	273.0	102.0	PinkStroke					Assets/_Project/Prefabs/UI/LayeredAssets/5-Sheet/5-Sheet_2.prefab
5-Sheet	5-Sheet_3	361.0	780.0	DarkGrayFill					Assets/_Project/Prefabs/UI/LayeredAssets/5-Sheet/5-Sheet_3.prefab
5-Sheet	5-Sheet_4	219.0	87.0	BlueStroke					Assets/_Project/Prefabs/UI/LayeredAssets/5-Sheet/5-Sheet_4.prefab
5-Sheet	5-Sheet_5	219.0	87.0	RedStroke					Assets/_Project/Prefabs/UI/LayeredAssets/5-Sheet/5-Sheet_5.prefab
5-Sheet	5-Sheet_6	258.0	232.0	TealFill	PanelFrame				Assets/_Project/Prefabs/UI/LayeredAssets/5-Sheet/5-Sheet_6.prefab
5-Sheet	5-Sheet_7	101.0	115.0	DarkGrayFill	SquareFrame	CharacterGlyph			Assets/_Project/Prefabs/UI/LayeredAssets/5-Sheet/5-Sheet_7.prefab
5-Sheet	5-Sheet_8	217.0	92.0	OrangeStroke					Assets/_Project/Prefabs/UI/LayeredAssets/5-Sheet/5-Sheet_8.prefab
5-Sheet	5-Sheet_9	217.0	92.0	BrownStroke					Assets/_Project/Prefabs/UI/LayeredAssets/5-Sheet/5-Sheet_9.prefab
5-Sheet	5-Sheet_10	319.0	58.0	GrayStroke					Assets/_Project/Prefabs/UI/LayeredAssets/5-Sheet/5-Sheet_10.prefab
5-Sheet	5-Sheet_11	215.0	55.0	SkyBlueFill	GaugeFrame				Assets/_Project/Prefabs/UI/LayeredAssets/5-Sheet/5-Sheet_11.prefab
5-Sheet	5-Sheet_12	296.0	139.0	GrayFill	PanelFrame				Assets/_Project/Prefabs/UI/LayeredAssets/5-Sheet/5-Sheet_12.prefab
5-Sheet	5-Sheet_13	215.0	55.0	RedFill	GaugeFrame				Assets/_Project/Prefabs/UI/LayeredAssets/5-Sheet/5-Sheet_13.prefab
5-Sheet	5-Sheet_14	78.0	71.0	NavyFill	SquareFrame	Items/Coin			Assets/_Project/Prefabs/UI/LayeredAssets/5-Sheet/5-Sheet_14.prefab
5-Sheet	5-Sheet_15	167.0	65.0	BlueFill	ButtonFrame				Assets/_Project/Prefabs/UI/LayeredAssets/5-Sheet/5-Sheet_15.prefab
5-Sheet	5-Sheet_16	167.0	65.0	OrangeFill	ButtonFrame				Assets/_Project/Prefabs/UI/LayeredAssets/5-Sheet/5-Sheet_16.prefab
6-Sheet	6-sheet_0	78.0	71.0	NavyFill	SquareFrame				Assets/_Project/Prefabs/UI/LayeredAssets/6-Sheet/6-sheet_0.prefab
6-Sheet	6-sheet_1	56.0	57.0	Items/Coin					Assets/_Project/Prefabs/UI/LayeredAssets/6-Sheet/6-sheet_1.prefab
